식당,상위_카테고리1,상위_카테고리2
이춘옥원조고등어쌈밥 제주애월본점,맛,서비스
노티드 제주,단체석,분위기
금돈가 제주 애월해안도로 본점,맛,가격
제주광해 애월,서비스,맛
레이지펌프,분위기,맛
고이정 애월흑돼지 보리짚불구이,가격,맛
랜디스도넛 제주애월점,단체석,분위기
해물통라면 문개항아리 애월해안도로점,맛,가격
후프바베큐,맛,서비스
뚱딴지 애월본점,가격,서비스
봄날,뷰,단체석
정도 제주애월해안도로본점,맛,서비스
돝밭 애월고내 본점,서비스,가격
장인의집[본점],맛,가격
애월 온기,맛,분위기
갈치요리 전문점 뜰에,가격,맛
애월빵공장 앤 카페,맛,가격
노을리,맛,단체석
애월은혜전복 제주애월본점,분위기,단체석
바다속고등어쌈밥 제주애월본점,맛,서비스
바다속고등어쌈밥 제주애월본점.1,맛,서비스
스타벅스 제주애월DT점,단체석,분위기
제주 코시롱,맛,서비스
몬스터살롱 애월,서비스,맛
새빌,뷰,분위기
작산 애월흑돼지,가격,서비스
푸르곤,맛,예약 가능
더애월 흑돼지 김치찌개 두루치기 전문점 본점,가격,서비스
리부아르,가격,서비스
마틸다,뷰,분위기
하영칼국수,서비스,가격
모들한상,맛,분위기
제주와함께라면,맛,가격
옛날아우내순대,가격,분위기
라라카페,맛,가격
소문난맛집,가격,맛
슬로보트,단체석,분위기
본카페,맛,가격
닻,단체석,분위기
돈꿀꺽 애월 본점,가격,맛
하우투플레이,가격,서비스
가로수길마루 애월해안도로점,맛,서비스
돌담길괴기집 흑돼지 애월곽지,맛,서비스
미깡창고,가격,뷰
전복죽일번가 애월해안도로본점,서비스,가격
애월회센터,맛,가격
해녀의집,분위기,서비스
브리프 애월,뷰,단체석
팀블로우,서비스,분위기
지구상회,맛,서비스
제주기와,맛,분위기
에이바우트커피뷰 하귀포구점,맛,분위기
버터모닝,가격,분위기
트라이브,분위기,단체석
애월리순메밀막국수,가격,맛
언니식탁,서비스,뷰
해미가,맛,가격
스시애월,맛,가격
흑돼지가노는집,서비스,가격
썬셋클리프,뷰,단체석
투썸플레이스 애월다인호텔점,가격,서비스
애월포차,단체석,분위기
임순이네밥집,맛,예약 가능
다가미애월점,맛,서비스
그마니네식당,가격,분위기
큐티파이,단체석,뷰
솔향바다가든 애월,맛,분위기
짐바란비치,단체석,분위기
카페태희,맛,서비스
애월 메누하 카페,분위기,단체석
한라산소갈비찜,맛,서비스
돌담땅콩국수,가격,맛
숙성도 애월점,가격,서비스
투썸플레이스 제주애월하귀점,분위기,단체석
단소,분위기,가격
하귀 보배쌤보리김치와게장,분위기,가격
리치망고 애월본점,맛,서비스
애월 곽지횟집,분위기,맛
신의한모,맛,분위기
근본 흑돼지,맛,예약 가능
애월 고불락,단체석,예약 가능
애월 고깃간 본점,가격,서비스
버거리 수제버거 제주 애월 본점,분위기,단체석
애월회포장센터 애월밤바다,맛,서비스
하귀 흑생,서비스,분위기
크라운돼지 제주점,분위기,맛
제주만주,서비스,맛
광평도새기촌 본점,맛,가격
연돈가,서비스,가격
마마롱,맛,분위기
호커센터,맛,가격
애월 갈치포구,서비스,가격
웃뜨리,단체석,분위기
너와의첫여행,가격,단체석
제주애월리에,맛,서비스
새물,가격,분위기
제주나기,서비스,가격
애월연어 본점,맛,서비스
당당,가격,분위기
이너프,가격,서비스
인디언키친,가격,서비스
뚜레쥬르 제주하귀하나로점,가격,서비스
후카후카,맛,분위기
하루필름 애월점,단체석,분위기
신스버거 애월 본점,가격,맛
맘앤타르트,서비스,맛
도치돌한우숯불,뷰,가격
고우니 제주를담다,분위기,가격
곽지식당,가격,서비스
네꼬야 티하우스,분위기,맛
애월비스마일카페bsml,맛,가격
카페 퍼시몬,서비스,가격
소길역,서비스,맛
시키,가격,분위기
애월후식,가격,분위기
카페멜록,분위기,단체석
뜨레솥밥,분위기,단체석
블랙이쉬레드,가격,맛
숙이네보리빵,가격,서비스
엘리사,가격,서비스
쉬리니케이크,가격,분위기
올댓커피 제주,서비스,가격
녹색식당,서비스,가격
애월브금,분위기,단체석
보나바시움 애월점,분위기,단체석
맛의고수,맛,예약 가능
애월연어 하귀점,서비스,맛
제이제이그랑블루,뷰,단체석
머그라이,단체석,분위기
형제돈,맛,예약 가능
고집 78,맛,서비스
카페모들,서비스,맛
라운지엑스 애월점,가격,뷰
카페동경앤책방,뷰,단체석
황금가마솥밥,서비스,맛
사브로소인제주,가격,서비스
젤코바 베이커리 카페,분위기,단체석
제주돈 애월점,단체석,가격
애월바당국수,뷰,가격
연화키친,서비스,맛
명자,가격,맛
모리노아루요,가격,분위기
애월 왕서방,가격,서비스
잇수다,맛,서비스
오태식해바라기치킨 앤존맛탱,가격,맛
언덕집국수,가격,분위기
오롬마르,가격,서비스
에버그린 돈까스,분위기,단체석
마레벤또,서비스,가격
일품순두부 애월점,맛,예약 가능
회가서쪽에서뜨겠네 애월,맛,가격
해지개,맛,서비스
애월그때그집 제주도 본점,서비스,맛
갈치바다 애월점,분위기,단체석
제주만선갈치,가격,분위기
애월제주다,가격,서비스
애월 삼육공본점 숙성흑돼지,맛,서비스
애월빵공장,맛,단체석
행운문,맛,분위기
애월 우니담,가격,단체석
훈도 애월흑돼지,단체석,가격
제주스시호타루,가격,맛
애월항포구횟집,가격,단체석
몽상드애월,뷰,단체석
애월 백번가든흑돼지숯불,가격,서비스
콜린 제주,맛,서비스
SADDLER HAUS 제주애월점,단체석,분위기
애월포구횟집,맛,가격
테라도스,맛,분위기
돈파스타정원,가격,서비스
morip,가격,단체석
놀맨,가격,서비스
잇칸시타,맛,가격
대담 애월본점,가격,서비스
고등어회결사,맛,가격
갈치관 애월해안도로점,서비스,뷰
제주 정직한돈 애월점,분위기,맛
해송수산물회센타,분위기,맛
애월찜 애월점,가격,분위기
조각가 해물라면 바다보는날 애월해안도로점,맛,서비스
한라봉스시,맛,서비스
제주 애월회관 흑돼지 애월곽지해안도로점,맛,가격
피즈 애월,맛,예약 가능
애월갈치 어박사,서비스,분위기
제주김만복 애월점,가격,맛
로맨틱새우 애월곽지본점,분위기,단체석
애월더선셋,맛,분위기
우영담,가격,분위기
이자카야 달,맛,가격
하갈비 애월흑돼지,단체석,뷰
애월 해성도뚜리,맛,서비스
제주해도미락 애월본점,서비스,가격
푸린 제주애월점,가격,맛
애월당 애월제과,가격,분위기
하갈비국수,가격,서비스
노라바,분위기,단체석
제주갈치 한담,가격,맛
칠사돈 애월해안도로본점,서비스,맛
애월리식당 애월해안도로점,가격,서비스
해오반,서비스,가격
봉성식당,가격,맛
구이사이,맛,서비스
salon de lavant,맛,서비스
망고홀릭 애월해안도로점,맛,예약 가능
폴비앙,맛,서비스
애월 브런치오,뷰,가격
해변횟집,서비스,맛
바당한그릇,서비스,가격
심바카레,분위기,맛
꽁순이네,맛,예약 가능
투썸플레이스곽지과물해변점,단체석,분위기
하르방짬뽕,가격,서비스
문동일셰프의 녹차고을,뷰,가격
시루애월,서비스,맛
제주돈아 본점,단체석,분위기
제레미,예약 가능,맛
꽃밥,맛,서비스
보말보말,분위기,단체석
제주할망밥상 애월점,분위기,맛
망고레이 본점,서비스,맛
파리바게뜨 제주하귀점,가격,서비스
남또리,가격,맛
애월아시시,분위기,가격
제주빵집,서비스,가격
TONKATSU 서황,맛,분위기
화랑스시,가격,서비스
커피냅로스터스 제주,맛,분위기
황셰프양식당,맛,가격
엄지흑돼지,분위기,단체석
인디안 썸머 애월,서비스,가격
애월전분공장카페,뷰,단체석
곽지국시,뷰,가격
앙데팡당,단체석,분위기
명리동식당 애월점,맛,가격
오복수산 애월점,맛,가격
참솔식당,맛,서비스
골목카페옥수,맛,단체석
카페포메,뷰,단체석
이순신김밥,뷰,가격
참좋은해물라면 애월,분위기,단체석
간장을품은소라게,가격,분위기
고기왕,가격,맛
모립,분위기,단체석
누렁소앤도새기 외도본점,맛,서비스
달력,맛,분위기
보말이네,분위기,단체석
에그서울인제주,서비스,맛
애월 해리앤소담카페,뷰,가격
데드맨스케이,맛,서비스
영국찻집,맛,서비스
데드맨스케이.1,맛,서비스
까미노,맛,분위기
애월오누이,맛,가격
무인제주,뷰,단체석
더바당 카페,단체석,분위기
우굼,단체석,뷰
회춘 애월점,뷰,맛
일품순두부 하귀점,가격,분위기
만지식당,가격,단체석
애월집,서비스,맛
소길다방,뷰,단체석
블루사이공,단체석,분위기
seaside제주애월하귀점원두로스터리,가격,단체석
윈드스톤,가격,서비스
토토네,맛,가격
달빛제주,맛,서비스
삼일해장국,맛,서비스
쿠이,뷰,단체석
카페팀블로우,뷰,단체석
코코리파이프,분위기,단체석
마니주,가격,맛
우미노식탁,맛,서비스
돌담위에흑돼지,서비스,가격
애월 인디고인디드 카페,가격,단체석
포레스트,맛,서비스
달자카페,분위기,맛
오마카세미미,맛,가격
JIVAL,가격,서비스
오멍가멍흑돼지 애월점,가격,서비스
제주돈아 고내점,가격,서비스
파리바게뜨 제주애월점,맛,분위기
녹근로33,맛,서비스
칠돈가 새별오름점,가격,분위기
고토커피바,가격,서비스
태공식당,가격,맛
호탕,단체석,분위기
빽다방 제주애월좋은마트점,가격,단체석
찻집 지안 본점,맛,서비스
아루요,맛,서비스
오멍가멍흑돼지 애월점.1,분위기,뷰
노을리 브런치&바,뷰,단체석
바삭돈가스 애월해안도로점,가격,서비스
애월할망네,맛,분위기
랍스터빈,단체석,분위기
초 록 달,분위기,단체석
카이로스,맛,가격
꿈낭밥집,뷰,가격
뚜레쥬르 제주하귀하나로점.1,가격,서비스
후카후카.1,맛,분위기
